year,discipline_id,discipline_name,athletes,prev_athletes,growth,pct_growth
2024,,,1,,,
1928,0,Skeleton,18,,,
1948,0,Skeleton,15,18,4294967293,238609294.05555555
2002,0,Skeleton,39,15,24,1.6
2006,0,Skeleton,42,39,3,0.07692307692307693
2010,0,Skeleton,48,42,6,0.14285714285714285
2014,0,Skeleton,47,48,4294967295,89478485.3125
2018,0,Skeleton,50,47,3,0.06382978723404255
2022,0,Skeleton,50,50,0,0.0
1964,1,Luge,68,,,
1968,1,Luge,87,68,19,0.27941176470588236
1972,1,Luge,84,87,4294967293,49367440.14942529
1976,1,Luge,94,84,10,0.11904761904761904
1980,1,Luge,80,94,4294967282,45691141.29787234
1984,1,Luge,81,80,1,0.0125
1988,1,Luge,90,81,9,0.1111111111111111
1992,1,Luge,89,90,4294967295,47721858.833333336
1994,1,Luge,92,89,3,0.033707865168539325
1998,1,Luge,93,92,1,0.010869565217391304
2002,1,Luge,110,93,17,0.1827956989247312
2006,1,Luge,108,110,4294967294,39045157.21818182
2010,1,Luge,108,108,0,0.0
2014,1,Luge,108,108,0,0.0
2018,1,Luge,110,108,2,0.018518518518518517
2022,1,Luge,104,110,4294967290,39045157.18181818
1924,2,Bobsleigh,39,,,
1928,2,Bobsleigh,126,39,87,2.230769230769231
1932,2,Bobsleigh,61,126,4294967231,34087041.515873015
1936,2,Bobsleigh,98,61,37,0.6065573770491803
1948,2,Bobsleigh,71,98,4294967269,43826196.62244898
1952,2,Bobsleigh,70,71,4294967295,60492497.112676054
1956,2,Bobsleigh,102,70,32,0.45714285714285713
1964,2,Bobsleigh,81,102,4294967275,42107522.303921565
1968,2,Bobsleigh,90,81,9,0.1111111111111111
1972,2,Bobsleigh,81,90,4294967287,47721858.744444445
1976,2,Bobsleigh,92,81,11,0.13580246913580246
1980,2,Bobsleigh,78,92,4294967282,46684426.97826087
1984,2,Bobsleigh,111,78,33,0.4230769230769231
1988,2,Bobsleigh,135,111,24,0.21621621621621623
1992,2,Bobsleigh,159,135,24,0.17777777777777778
1994,2,Bobsleigh,155,159,4294967292,27012372.905660376
1998,2,Bobsleigh,156,155,1,0.0064516129032258064
2002,2,Bobsleigh,195,156,39,0.25
2006,2,Bobsleigh,152,195,4294967253,22025473.09230769
2010,2,Bobsleigh,159,152,7,0.046052631578947366
2014,2,Bobsleigh,172,159,13,0.08176100628930817
2018,2,Bobsleigh,167,172,4294967291,24970740.06395349
2022,2,Bobsleigh,166,167,4294967295,25718367.035928145
1988,3,Short Track Speed Skating,64,,,
1992,3,Short Track Speed Skating,102,64,38,0.59375
1994,3,Short Track Speed Skating,101,102,4294967295,42107522.5
1998,3,Short Track Speed Skating,103,101,2,0.019801980198019802
2002,3,Short Track Speed Skating,115,103,12,0.11650485436893204
2006,3,Short Track Speed Skating,110,115,4294967291,37347541.66086957
2010,3,Short Track Speed Skating,113,110,3,0.02727272727272727
2014,3,Short Track Speed Skating,116,113,3,0.02654867256637168
2018,3,Short Track Speed Skating,115,116,4294967295,37025580.12931035
2022,3,Short Track Speed Skating,112,115,4294967293,37347541.67826087
1924,4,Speed Skating,34,,,
1928,4,Speed Skating,40,34,6,0.17647058823529413
1932,4,Speed Skating,42,40,2,0.05
1936,4,Speed Skating,52,42,10,0.23809523809523808
1948,4,Speed Skating,68,52,16,0.3076923076923077
1952,4,Speed Skating,67,68,4294967295,63161283.75
1956,4,Speed Skating,83,67,16,0.23880597014925373
1960,4,Speed Skating,103,83,20,0.24096385542168675
1964,4,Speed Skating,135,103,32,0.3106796116504854
1968,4,Speed Skating,129,135,4294967290,31814572.51851852
1972,4,Speed Skating,118,129,4294967285,33294320.03875969
1976,4,Speed Skating,113,118,4294967291,36398027.88983051
1980,4,Speed Skating,128,113,15,0.13274336283185842
1984,4,Speed Skating,139,128,11,0.0859375
1988,4,Speed Skating,142,139,3,0.02158273381294964
1992,4,Speed Skating,155,142,13,0.09154929577464789
1994,4,Speed Skating,150,155,4294967291,27709466.393548388
1998,4,Speed Skating,171,150,21,0.14
2002,4,Speed Skating,166,171,4294967291,25116767.78362573
2006,4,Speed Skating,174,166,8,0.04819277108433735
2010,4,Speed Skating,177,174,3,0.017241379310344827
2014,4,Speed Skating,177,177,0,0.0
2018,4,Speed Skating,184,177,7,0.03954802259887006
2022,4,Speed Skating,164,184,4294967276,23342213.45652174
1936,5,Alpine Skiing,110,,,
1948,5,Alpine Skiing,174,110,64,0.5818181818181818
1952,5,Alpine Skiing,167,174,4294967289,24683720.05172414
1956,5,Alpine Skiing,184,167,17,0.10179640718562874
1960,5,Alpine Skiing,137,184,4294967249,23342213.30978261
1964,5,Alpine Skiing,174,137,37,0.27007299270072993
1968,5,Alpine Skiing,194,174,20,0.11494252873563218
1972,5,Alpine Skiing,144,194,4294967246,22139006.42268041
1976,5,Alpine Skiing,181,144,37,0.2569444444444444
1980,5,Alpine Skiing,179,181,4294967294,23729101.071823206
1984,5,Alpine Skiing,257,179,78,0.43575418994413406
1988,5,Alpine Skiing,292,257,35,0.13618677042801555
1992,5,Alpine Skiing,325,292,33,0.11301369863013698
1994,5,Alpine Skiing,253,325,4294967224,13215283.766153846
1998,5,Alpine Skiing,252,253,4294967295,16976155.316205535
2002,5,Alpine Skiing,280,252,28,0.1111111111111111
2006,5,Alpine Skiing,288,280,8,0.02857142857142857
2010,5,Alpine Skiing,309,288,21,0.07291666666666667
2014,5,Alpine Skiing,319,309,10,0.032362459546925564
2018,5,Alpine Skiing,312,319,4294967289,13463847.30094044
2022,5,Alpine Skiing,301,312,4294967285,13765920.78525641
1960,6,Biathlon,30,,,
1964,6,Biathlon,51,30,21,0.7
1968,6,Biathlon,72,51,21,0.4117647058823529
1972,6,Biathlon,62,72,4294967286,59652323.416666664
1976,6,Biathlon,74,62,12,0.1935483870967742
1980,6,Biathlon,76,74,2,0.02702702702702703
1984,6,Biathlon,95,76,19,0.25
1988,6,Biathlon,90,95,4294967291,45210182.010526314
1992,6,Biathlon,196,90,106,1.1777777777777778
1994,6,Biathlon,193,196,4294967293,21913098.43367347
1998,6,Biathlon,183,193,4294967286,22253716.50777202
2002,6,Biathlon,190,183,7,0.03825136612021858
2006,6,Biathlon,204,190,14,0.07368421052631578
2010,6,Biathlon,204,204,0,0.0
2014,6,Biathlon,204,204,0,0.0
2018,6,Biathlon,200,204,4294967292,21053761.23529412
2022,6,Biathlon,200,200,0,0.0
1998,7,Snowboarding,125,,,
2002,7,Snowboarding,119,125,4294967290,34359738.32
2006,7,Snowboarding,187,119,68,0.5714285714285714
2010,7,Snowboarding,188,187,1,0.0053475935828877
2014,7,Snowboarding,239,188,51,0.2712765957446808
2018,7,Snowboarding,248,239,9,0.03765690376569038
2022,7,Snowboarding,233,248,4294967281,17318416.455645163
1988,8,Freestyle Skiing,54,,,
1992,8,Freestyle Skiing,126,54,72,1.3333333333333333
1994,8,Freestyle Skiing,99,126,4294967269,34087041.81746032
1998,8,Freestyle Skiing,111,99,12,0.12121212121212122
2002,8,Freestyle Skiing,105,111,4294967290,38693399.00900901
2006,8,Freestyle Skiing,119,105,14,0.13333333333333333
2010,8,Freestyle Skiing,173,119,54,0.453781512605042
2014,8,Freestyle Skiing,267,173,94,0.5433526011560693
2018,8,Freestyle Skiing,268,267,1,0.003745318352059925
2022,8,Freestyle Skiing,267,268,4294967295,16025997.369402984
1924,9,Cross Country Skiing,69,,,
1928,9,Cross Country Skiing,74,69,5,0.07246376811594203
1932,9,Cross Country Skiing,71,74,4294967293,58040098.55405405
1936,9,Cross Country Skiing,110,71,39,0.5492957746478874
1948,9,Cross Country Skiing,107,110,4294967293,39045157.20909091
1952,9,Cross Country Skiing,137,107,30,0.2803738317757009
1956,9,Cross Country Skiing,150,137,13,0.0948905109489051
1960,9,Cross Country Skiing,112,150,4294967258,28633115.053333335
1964,9,Cross Country Skiing,153,112,41,0.36607142857142855
1968,9,Cross Country Skiing,147,153,4294967290,28071681.633986928
1972,9,Cross Country Skiing,152,147,5,0.034013605442176874
1976,9,Cross Country Skiing,165,152,13,0.08552631578947369
1980,9,Cross Country Skiing,132,165,4294967263,26030104.624242425
1984,9,Cross Country Skiing,179,132,47,0.3560606060606061
1988,9,Cross Country Skiing,230,179,51,0.2849162011173184
1992,9,Cross Country Skiing,223,230,4294967289,18673770.82173913
1994,9,Cross Country Skiing,197,223,4294967270,19259942.914798208
1998,9,Cross Country Skiing,229,197,32,0.16243654822335024
2002,9,Cross Country Skiing,260,229,31,0.13537117903930132
2006,9,Cross Country Skiing,307,260,47,0.18076923076923077
2010,9,Cross Country Skiing,292,307,4294967281,13990121.436482085
2014,9,Cross Country Skiing,299,292,7,0.023972602739726026
2018,9,Cross Country Skiing,290,299,4294967287,14364439.086956521
2022,9,Cross Country Skiing,293,290,3,0.010344827586206896
1924,10,Nordic Combined,37,,,
1928,10,Nordic Combined,35,37,4294967294,116080197.13513513
1932,10,Nordic Combined,47,35,12,0.34285714285714286
1936,10,Nordic Combined,53,47,6,0.1276595744680851
1948,10,Nordic Combined,39,53,4294967282,81037118.52830188
1952,10,Nordic Combined,25,39,4294967282,110127366.20512821
1956,10,Nordic Combined,36,25,11,0.44
1960,10,Nordic Combined,33,36,4294967293,119304647.02777778
1964,10,Nordic Combined,33,33,0,0.0
1968,10,Nordic Combined,41,33,8,0.24242424242424243
1972,10,Nordic Combined,40,41,4294967295,104755299.87804878
1976,10,Nordic Combined,34,40,4294967290,107374182.25
1980,10,Nordic Combined,31,34,4294967293,126322567.44117647
1984,10,Nordic Combined,28,31,4294967293,138547332.03225806
1988,10,Nordic Combined,44,28,16,0.5714285714285714
1992,10,Nordic Combined,46,44,2,0.045454545454545456
1994,10,Nordic Combined,53,46,7,0.15217391304347827
1998,10,Nordic Combined,53,53,0,0.0
2002,10,Nordic Combined,54,53,1,0.018867924528301886
2006,10,Nordic Combined,59,54,5,0.09259259259259259
2010,10,Nordic Combined,52,59,4294967289,72796055.7457627
2014,10,Nordic Combined,54,52,2,0.038461538461538464
2018,10,Nordic Combined,51,54,4294967293,79536431.35185185
2022,10,Nordic Combined,57,51,6,0.11764705882352941
1924,11,Ski Jumping,40,,,
1928,11,Ski Jumping,38,40,4294967294,107374182.35
1932,11,Ski Jumping,47,38,9,0.23684210526315788
1936,11,Ski Jumping,50,47,3,0.06382978723404255
1948,11,Ski Jumping,49,50,4294967295,85899345.9
1952,11,Ski Jumping,44,49,4294967291,87652393.69387755
1956,11,Ski Jumping,55,44,11,0.25
1960,11,Ski Jumping,45,55,4294967286,78090314.2909091
1964,11,Ski Jumping,58,45,13,0.28888888888888886
1968,11,Ski Jumping,66,58,8,0.13793103448275862
1972,11,Ski Jumping,62,66,4294967292,65075262.0
1976,11,Ski Jumping,62,62,0,0.0
1980,11,Ski Jumping,55,62,4294967289,69273665.9516129
1984,11,Ski Jumping,65,55,10,0.18181818181818182
1988,11,Ski Jumping,65,65,0,0.0
1992,11,Ski Jumping,63,65,4294967294,66076419.907692306
1994,11,Ski Jumping,68,63,5,0.07936507936507936
1998,11,Ski Jumping,68,68,0,0.0
2002,11,Ski Jumping,73,68,5,0.07352941176470588
2006,11,Ski Jumping,79,73,6,0.0821917808219178
2010,11,Ski Jumping,68,79,4294967285,54366674.49367089
2014,11,Ski Jumping,96,68,28,0.4117647058823529
2018,11,Ski Jumping,100,96,4,0.041666666666666664
2022,11,Ski Jumping,104,100,4,0.04
1924,12,Curling,31,,,
1932,12,Curling,32,31,1,0.03225806451612903
1988,12,Curling,76,32,44,1.375
1992,12,Curling,80,76,4,0.05263157894736842
1998,12,Curling,80,80,0,0.0
2002,12,Curling,100,80,20,0.25
2006,12,Curling,100,100,0,0.0
2010,12,Curling,100,100,0,0.0
2014,12,Curling,100,100,0,0.0
2018,12,Curling,113,100,13,0.13
2022,12,Curling,114,113,1,0.008849557522123894
1896,13,Swimming,54,,,
1900,13,Swimming,138,54,84,1.5555555555555556
1904,13,Swimming,46,138,4294967204,31122950.753623188
1908,13,Swimming,135,46,89,1.934782608695652
1912,13,Swimming,187,135,52,0.3851851851851852
1920,13,Swimming,116,187,4294967225,22967739.171122994
1924,13,Swimming,183,116,67,0.5775862068965517
1928,13,Swimming,216,183,33,0.18032786885245902
1932,13,Swimming,136,216,4294967216,19884107.48148148
1936,13,Swimming,290,136,154,1.1323529411764706
1948,13,Swimming,282,290,4294967288,14810232.027586207
1952,13,Swimming,357,282,75,0.26595744680851063
1956,13,Swimming,250,357,4294967189,12030720.417366946
1960,13,Swimming,386,250,136,0.544
1964,13,Swimming,409,386,23,0.05958549222797927
1968,13,Swimming,475,409,66,0.16136919315403422
1972,13,Swimming,550,475,75,0.15789473684210525
1976,13,Swimming,488,550,4294967234,7809031.334545455
1980,13,Swimming,344,488,4294967152,8801162.196721312
1984,13,Swimming,503,344,159,0.4622093023255814
1988,13,Swimming,638,503,135,0.268389662027833
1992,13,Swimming,644,638,6,0.009404388714733543
1996,13,Swimming,764,644,120,0.18633540372670807
2000,13,Swimming,956,764,192,0.2513089005235602
2004,13,Swimming,938,956,4294967278,4492643.5962343095
2008,13,Swimming,984,938,46,0.04904051172707889
2012,13,Swimming,887,984,4294967199,4364804.064024391
2016,13,Swimming,900,887,13,0.014656144306651634
2020,13,Swimming,878,900,4294967274,4772185.86
1900,14,Sailing,97,,,
1908,14,Sailing,64,97,4294967263,44278013.02061856
1912,14,Sailing,109,64,45,0.703125
1920,14,Sailing,101,109,4294967288,39403369.6146789
1924,14,Sailing,65,101,4294967260,42524428.316831686
1928,14,Sailing,124,65,59,0.9076923076923077
1932,14,Sailing,54,124,4294967226,34636832.46774194
1936,14,Sailing,169,54,115,2.1296296296296298
1948,14,Sailing,187,169,18,0.10650887573964497
1952,14,Sailing,227,187,40,0.21390374331550802
1956,14,Sailing,154,227,4294967223,18920560.453744493
1960,14,Sailing,290,154,136,0.8831168831168831
1964,14,Sailing,225,290,4294967231,14810231.831034483
1968,14,Sailing,251,225,26,0.11555555555555555
1972,14,Sailing,323,251,72,0.2868525896414343
1976,14,Sailing,257,323,4294967230,13297112.167182663
1980,14,Sailing,156,257,4294967195,16711934.61089494
1984,14,Sailing,332,156,176,1.1282051282051282
1988,14,Sailing,375,332,43,0.12951807228915663
1992,14,Sailing,441,375,66,0.176
1996,14,Sailing,458,441,17,0.03854875283446712
2000,14,Sailing,402,458,4294967240,9377657.729257641
2004,14,Sailing,400,402,4294967294,10683998.243781095
2008,14,Sailing,400,400,0,0.0
2012,14,Sailing,380,400,4294967276,10737418.19
2016,14,Sailing,380,380,0,0.0
2020,14,Sailing,350,380,4294967266,11302545.436842104
1908,15,Figure Skating,23,,,
1920,15,Figure Skating,26,23,3,0.13043478260869565
1924,15,Figure Skating,35,26,9,0.34615384615384615
1928,15,Figure Skating,51,35,16,0.45714285714285713
1932,15,Figure Skating,45,51,4294967290,84215044.90196079
1936,15,Figure Skating,100,45,55,1.2222222222222223
1948,15,Figure Skating,64,100,4294967260,42949672.6
1952,15,Figure Skating,63,64,4294967295,67108863.984375
1956,15,Figure Skating,65,63,2,0.031746031746031744
1960,15,Figure Skating,71,65,6,0.09230769230769231
1964,15,Figure Skating,88,71,17,0.23943661971830985
1968,15,Figure Skating,124,88,36,0.4090909090909091
1972,15,Figure Skating,67,124,4294967239,34636832.57258064
1976,15,Figure Skating,105,67,38,0.5671641791044776
1980,15,Figure Skating,86,105,4294967277,40904450.25714286
1984,15,Figure Skating,115,86,29,0.3372093023255814
1988,15,Figure Skating,129,115,14,0.12173913043478261
1992,15,Figure Skating,133,129,4,0.031007751937984496
1994,15,Figure Skating,129,133,4294967292,32292987.157894738
1998,15,Figure Skating,145,129,16,0.12403100775193798
2002,15,Figure Skating,144,145,4294967295,29620464.103448275
2006,15,Figure Skating,147,144,3,0.020833333333333332
2010,15,Figure Skating,146,147,4294967295,29217464.591836736
2014,15,Figure Skating,149,146,3,0.02054794520547945
2018,15,Figure Skating,153,149,4,0.026845637583892617
2022,15,Figure Skating,148,153,4294967291,28071681.640522875
1964,16,Judo,72,,,
1972,16,Judo,148,72,76,1.0555555555555556
1976,16,Judo,136,148,4294967284,29020049.216216218
1980,16,Judo,182,136,46,0.3382352941176471
1984,16,Judo,212,182,30,0.16483516483516483
1988,16,Judo,296,212,84,0.39622641509433965
1992,16,Judo,433,296,137,0.46283783783783783
1996,16,Judo,387,433,4294967250,9919092.956120092
2000,16,Judo,398,387,11,0.028423772609819122
2004,16,Judo,384,398,4294967282,10791375.08040201
2008,16,Judo,386,384,2,0.005208333333333333
2012,16,Judo,387,386,1,0.0025906735751295338
2016,16,Judo,390,387,3,0.007751937984496124
2020,16,Judo,393,390,3,0.007692307692307693
1920,17,Ice Hockey,67,,,
1924,17,Ice Hockey,110,67,43,0.6417910447761194
1928,17,Ice Hockey,131,110,21,0.19090909090909092
1932,17,Ice Hockey,77,131,4294967242,32786009.48091603
1936,17,Ice Hockey,186,77,109,1.4155844155844155
1948,17,Ice Hockey,148,186,4294967258,23091221.8172043
1952,17,Ice Hockey,147,148,4294967295,29020049.29054054
1956,17,Ice Hockey,170,147,23,0.1564625850340136
1960,17,Ice Hockey,153,170,4294967279,25264513.40588235
1964,17,Ice Hockey,274,153,121,0.7908496732026143
1968,17,Ice Hockey,252,274,4294967274,15675063.043795621
1972,17,Ice Hockey,220,252,4294967264,17043520.888888888
1976,17,Ice Hockey,220,220,0,0.0
1980,17,Ice Hockey,240,220,20,0.09090909090909091
1984,17,Ice Hockey,239,240,4294967295,17895697.0625
1988,17,Ice Hockey,274,239,35,0.14644351464435146
1992,17,Ice Hockey,276,274,2,0.0072992700729927005
1994,17,Ice Hockey,276,276,0,0.0
1998,17,Ice Hockey,441,276,165,0.5978260869565217
2002,17,Ice Hockey,485,441,44,0.09977324263038549
2006,17,Ice Hockey,447,485,4294967258,8855602.593814433
2010,17,Ice Hockey,444,447,4294967293,9608427.948545862
2014,17,Ice Hockey,468,444,24,0.05405405405405406
2018,17,Ice Hockey,496,468,28,0.05982905982905983
2022,17,Ice Hockey,538,496,42,0.0846774193548387
2000,18,Triathlon,100,,,
2004,18,Triathlon,100,100,0,0.0
2008,18,Triathlon,110,100,10,0.1
2012,18,Triathlon,110,110,0,0.0
2016,18,Triathlon,110,110,0,0.0
2020,18,Triathlon,110,110,0,0.0
1904,19,Boxing,23,,,
1908,19,Boxing,58,23,35,1.5217391304347827
1920,19,Boxing,118,58,60,1.0344827586206897
1924,19,Boxing,257,118,139,1.1779661016949152
1928,19,Boxing,178,257,4294967217,16711934.696498055
1932,19,Boxing,85,178,4294967203,24129029.23033708
1936,19,Boxing,243,85,158,1.8588235294117648
1948,19,Boxing,288,243,45,0.18518518518518517
1952,19,Boxing,293,288,5,0.017361111111111112
1956,19,Boxing,161,293,4294967164,14658591.00341297
1960,19,Boxing,282,161,121,0.7515527950310559
1964,19,Boxing,269,282,4294967283,15230380.436170213
1968,19,Boxing,312,269,43,0.15985130111524162
1972,19,Boxing,359,312,47,0.15064102564102563
1976,19,Boxing,278,359,4294967215,11963696.977715878
1980,19,Boxing,273,278,4294967291,15449522.629496403
1984,19,Boxing,358,273,85,0.31135531135531136
1988,19,Boxing,441,358,83,0.23184357541899442
1992,19,Boxing,339,441,4294967194,9739154.634920634
1996,19,Boxing,355,339,16,0.0471976401179941
2000,19,Boxing,310,355,4294967251,12098499.298591549
2004,19,Boxing,283,310,4294967269,13854733.12580645
2008,19,Boxing,286,283,3,0.01060070671378092
2012,19,Boxing,286,286,0,0.0
2016,19,Boxing,286,286,0,0.0
2020,19,Boxing,289,286,3,0.01048951048951049
1988,20,Taekwondo,182,,,
1992,20,Taekwondo,113,182,4294967227,23598721.027472526
2000,20,Taekwondo,103,113,4294967286,38008560.053097345
2004,20,Taekwondo,124,103,21,0.20388349514563106
2008,20,Taekwondo,128,124,4,0.03225806451612903
2012,20,Taekwondo,128,128,0,0.0
2016,20,Taekwondo,128,128,0,0.0
2020,20,Taekwondo,130,128,2,0.015625
1896,21,Weightlifting,7,,,
1904,21,Weightlifting,5,7,4294967294,613566756.2857143
1920,21,Weightlifting,53,5,48,9.6
1924,21,Weightlifting,107,53,54,1.0188679245283019
1928,21,Weightlifting,95,107,4294967284,40139881.158878505
1932,21,Weightlifting,29,95,4294967230,45210181.368421055
1936,21,Weightlifting,80,29,51,1.7586206896551724
1948,21,Weightlifting,120,80,40,0.5
1952,21,Weightlifting,142,120,22,0.18333333333333332
1956,21,Weightlifting,105,142,4294967259,30246248.3028169
1960,21,Weightlifting,172,105,67,0.638095238095238
1964,21,Weightlifting,149,172,4294967273,24970739.959302325
1968,21,Weightlifting,160,149,11,0.0738255033557047
1972,21,Weightlifting,188,160,28,0.175
1976,21,Weightlifting,173,188,4294967281,22845570.643617023
1980,21,Weightlifting,172,173,4294967295,24826400.549132947
1984,21,Weightlifting,186,172,14,0.08139534883720931
1988,21,Weightlifting,226,186,40,0.21505376344086022
1992,21,Weightlifting,244,226,18,0.07964601769911504
1996,21,Weightlifting,243,244,4294967295,17602324.979508195
2000,21,Weightlifting,246,243,3,0.012345679012345678
2004,21,Weightlifting,249,246,3,0.012195121951219513
2008,21,Weightlifting,253,249,4,0.01606425702811245
2012,21,Weightlifting,252,253,4294967295,16976155.316205535
2016,21,Weightlifting,259,252,7,0.027777777777777776
2020,21,Weightlifting,197,259,4294967234,16582885.073359074
1912,22,Baseball,32,,,
1936,22,Baseball,21,32,4294967285,134217727.65625
1956,22,Baseball,35,21,14,0.6666666666666666
1964,22,Baseball,59,35,24,0.6857142857142857
1984,22,Baseball,156,59,97,1.6440677966101696
1988,22,Baseball,151,156,4294967291,27531841.60897436
1992,22,Baseball,160,151,9,0.059602649006622516
1996,22,Baseball,160,160,0,0.0
2000,22,Baseball,192,160,32,0.2
2004,22,Baseball,191,192,4294967295,22369621.328125
2008,22,Baseball,192,191,1,0.005235602094240838
2020,22,Baseball,144,192,4294967248,22369621.083333332
1996,23,Beach Volleyball,84,,,
2000,23,Beach Volleyball,96,84,12,0.14285714285714285
2004,23,Beach Volleyball,96,96,0,0.0
2008,23,Beach Volleyball,96,96,0,0.0
2012,23,Beach Volleyball,96,96,0,0.0
2016,23,Beach Volleyball,96,96,0,0.0
2020,23,Beach Volleyball,96,96,0,0.0
1996,24,Softball,120,,,
2000,24,Softball,120,120,0,0.0
2004,24,Softball,120,120,0,0.0
2008,24,Softball,120,120,0,0.0
2020,24,Softball,90,120,4294967266,35791393.88333333
1904,25,Basketball,40,,,
1936,25,Basketball,271,40,231,5.775
1948,25,Basketball,298,271,27,0.0996309963099631
1952,25,Basketball,301,298,3,0.010067114093959731
1956,25,Basketball,174,301,4294967169,14268993.916943522
1960,25,Basketball,192,174,18,0.10344827586206896
1964,25,Basketball,190,192,4294967294,22369621.322916668
1968,25,Basketball,191,190,1,0.005263157894736842
1972,25,Basketball,192,191,1,0.005235602094240838
1976,25,Basketball,216,192,24,0.125
1980,25,Basketball,216,216,0,0.0
1984,25,Basketball,216,216,0,0.0
1988,25,Basketball,240,216,24,0.1111111111111111
1992,25,Basketball,240,240,0,0.0
1996,25,Basketball,288,240,48,0.2
2000,25,Basketball,288,288,0,0.0
2004,25,Basketball,288,288,0,0.0
2008,25,Basketball,288,288,0,0.0
2012,25,Basketball,287,288,4294967295,14913080.885416666
2016,25,Basketball,288,287,1,0.003484320557491289
2020,25,Basketball,288,288,0,0.0
1900,26,Football,35,,,
1904,26,Football,37,35,2,0.05714285714285714
1908,26,Football,134,37,97,2.6216216216216215
1912,26,Football,247,134,113,0.8432835820895522
1920,26,Football,279,247,32,0.12955465587044535
1924,26,Football,473,279,194,0.6953405017921147
1928,26,Football,351,473,4294967174,9080268.866807612
1936,26,Football,324,351,4294967269,12236373.985754985
1948,26,Football,349,324,25,0.07716049382716049
1952,26,Football,477,349,128,0.3667621776504298
1956,26,Football,187,477,4294967006,9004123.702306079
1960,26,Football,299,187,112,0.5989304812834224
1964,26,Football,265,299,4294967262,14364439.003344482
1968,26,Football,300,265,35,0.1320754716981132
1972,26,Football,304,300,4,0.013333333333333334
1976,26,Football,221,304,4294967213,14128181.621710526
1980,26,Football,269,221,48,0.2171945701357466
1984,26,Football,272,269,3,0.011152416356877323
1988,26,Football,314,272,42,0.15441176470588236
1992,26,Football,320,314,6,0.01910828025477707
1996,26,Football,502,320,182,0.56875
2000,26,Football,520,502,18,0.035856573705179286
2004,26,Football,558,520,38,0.07307692307692308
2008,26,Football,515,558,4294967253,7697073.9301075265
2012,26,Football,616,515,101,0.19611650485436893
2016,26,Football,609,616,4294967289,6972349.49512987
2020,26,Football,608,609,4294967295,7052491.45320197
1936,27,Handball,117,,,
1952,27,Handball,22,117,4294967201,36709121.376068376
1972,27,Handball,256,22,234,10.636363636363637
1976,27,Handball,248,256,4294967288,16777215.96875
1980,27,Handball,252,248,4,0.016129032258064516
1984,27,Handball,270,252,18,0.07142857142857142
1988,27,Handball,300,270,30,0.1111111111111111
1992,27,Handball,317,300,17,0.056666666666666664
1996,27,Handball,319,317,2,0.006309148264984227
2000,27,Handball,329,319,10,0.03134796238244514
2004,27,Handball,330,329,1,0.00303951367781155
2008,27,Handball,344,330,14,0.04242424242424243
2012,27,Handball,361,344,17,0.04941860465116279
2016,27,Handball,355,361,4294967290,11897416.315789474
2020,27,Handball,368,355,13,0.036619718309859155
1908,28,Hockey,82,,,
1920,28,Hockey,55,82,4294967269,52377649.62195122
1928,28,Hockey,173,55,118,2.1454545454545455
1932,28,Hockey,45,173,4294967168,24826399.815028902
1936,28,Hockey,214,45,169,3.7555555555555555
1948,28,Hockey,237,214,23,0.10747663551401869
1952,28,Hockey,177,237,4294967236,18122224.624472573
1956,28,Hockey,197,177,20,0.11299435028248588
1960,28,Hockey,280,197,83,0.4213197969543147
1964,28,Hockey,262,280,4294967278,15339168.85
1968,28,Hockey,278,262,16,0.061068702290076333
1972,28,Hockey,285,278,7,0.025179856115107913
1976,28,Hockey,176,285,4294967187,15070060.305263158
1980,28,Hockey,192,176,16,0.09090909090909091
1984,28,Hockey,288,192,96,0.5
1988,28,Hockey,320,288,32,0.1111111111111111
1992,28,Hockey,320,320,0,0.0
1996,28,Hockey,320,320,0,0.0
2000,28,Hockey,352,320,32,0.1
2004,28,Hockey,352,352,0,0.0
2008,28,Hockey,432,352,80,0.22727272727272727
2012,28,Hockey,432,432,0,0.0
2016,28,Hockey,432,432,0,0.0
2020,28,Hockey,432,432,0,0.0
1964,29,Volleyball,189,,,
1968,29,Volleyball,214,189,25,0.13227513227513227
1972,29,Volleyball,237,214,23,0.10747663551401869
1976,29,Volleyball,216,237,4294967275,18122224.789029535
1980,29,Volleyball,216,216,0,0.0
1984,29,Volleyball,216,216,0,0.0
1988,29,Volleyball,240,216,24,0.1111111111111111
1992,29,Volleyball,239,240,4294967295,17895697.0625
1996,29,Volleyball,288,239,49,0.20502092050209206
2000,29,Volleyball,288,288,0,0.0
2004,29,Volleyball,288,288,0,0.0
2008,29,Volleyball,288,288,0,0.0
2012,29,Volleyball,288,288,0,0.0
2016,29,Volleyball,288,288,0,0.0
2020,29,Volleyball,288,288,0,0.0
1900,30,Water Polo,53,,,
1904,30,Water Polo,21,53,4294967264,81037118.18867925
1908,30,Water Polo,28,21,7,0.3333333333333333
1912,30,Water Polo,45,28,17,0.6071428571428571
1920,30,Water Polo,115,45,70,1.5555555555555556
1924,30,Water Polo,130,115,15,0.13043478260869565
1928,30,Water Polo,140,130,10,0.07692307692307693
1932,30,Water Polo,52,140,4294967208,30678337.2
1936,30,Water Polo,176,52,124,2.3846153846153846
1948,30,Water Polo,194,176,18,0.10227272727272728
1952,30,Water Polo,232,194,38,0.1958762886597938
1956,30,Water Polo,107,232,4294967171,18512789.530172415
1960,30,Water Polo,172,107,65,0.6074766355140186
1964,30,Water Polo,143,172,4294967267,24970739.924418606
1968,30,Water Polo,162,143,19,0.13286713286713286
1972,30,Water Polo,176,162,14,0.08641975308641975
1976,30,Water Polo,132,176,4294967252,24403223.022727273
1980,30,Water Polo,132,132,0,0.0
1984,30,Water Polo,156,132,24,0.18181818181818182
1988,30,Water Polo,156,156,0,0.0
1992,30,Water Polo,156,156,0,0.0
1996,30,Water Polo,156,156,0,0.0
2000,30,Water Polo,234,156,78,0.5
2004,30,Water Polo,259,234,25,0.10683760683760683
2008,30,Water Polo,260,259,1,0.003861003861003861
2012,30,Water Polo,260,260,0,0.0
2016,30,Water Polo,260,260,0,0.0
2020,30,Water Polo,286,260,26,0.1
1900,31,Archery,30,,,
1904,31,Archery,29,30,4294967295,143165576.5
1908,31,Archery,57,29,28,0.9655172413793104
1920,31,Archery,30,57,4294967269,75350302.96491228
1972,31,Archery,95,30,65,2.1666666666666665
1976,31,Archery,64,95,4294967265,45210181.7368421
1980,31,Archery,67,64,3,0.046875
1984,31,Archery,109,67,42,0.6268656716417911
1988,31,Archery,146,109,37,0.3394495412844037
1992,31,Archery,136,146,4294967286,29417584.15068493
1996,31,Archery,128,136,4294967288,31580641.82352941
2000,31,Archery,128,128,0,0.0
2004,31,Archery,128,128,0,0.0
2008,31,Archery,128,128,0,0.0
2012,31,Archery,128,128,0,0.0
2016,31,Archery,128,128,0,0.0
2020,31,Archery,128,128,0,0.0
1972,32,Badminton,25,,,
1988,32,Badminton,32,25,7,0.28
1992,32,Badminton,177,32,145,4.53125
1996,32,Badminton,192,177,15,0.0847457627118644
2000,32,Badminton,172,192,4294967276,22369621.229166668
2004,32,Badminton,172,172,0,0.0
2008,32,Badminton,173,172,1,0.005813953488372093
2012,32,Badminton,172,173,4294967295,24826400.549132947
2016,32,Badminton,172,172,0,0.0
2020,32,Badminton,173,172,1,0.005813953488372093
1984,33,Artistic Swimming,50,,,
1988,33,Artistic Swimming,46,50,4294967292,85899345.84
1992,33,Artistic Swimming,53,46,7,0.15217391304347827
1996,33,Artistic Swimming,73,53,20,0.37735849056603776
2000,33,Artistic Swimming,101,73,28,0.3835616438356164
2004,33,Artistic Swimming,101,101,0,0.0
2008,33,Artistic Swimming,103,101,2,0.019801980198019802
2012,33,Artistic Swimming,104,103,1,0.009708737864077669
2016,33,Artistic Swimming,104,104,0,0.0
2020,33,Artistic Swimming,104,104,0,0.0
1896,34,Tennis,16,,,
1900,34,Tennis,69,16,53,3.3125
1904,34,Tennis,54,69,4294967281,62245902.623188406
1908,34,Tennis,69,54,15,0.2777777777777778
1912,34,Tennis,105,69,36,0.5217391304347826
1920,34,Tennis,84,105,4294967275,40904450.23809524
1924,34,Tennis,139,84,55,0.6547619047619048
1968,34,Tennis,46,139,4294967203,30899044.62589928
1984,34,Tennis,64,46,18,0.391304347826087
1988,34,Tennis,131,64,67,1.046875
1992,34,Tennis,178,131,47,0.35877862595419846
1996,34,Tennis,178,178,0,0.0
2000,34,Tennis,182,178,4,0.02247191011235955
2004,34,Tennis,172,182,4294967286,23598721.351648353
2008,34,Tennis,173,172,1,0.005813953488372093
2012,34,Tennis,187,173,14,0.08092485549132948
2016,34,Tennis,196,187,9,0.0481283422459893
2020,34,Tennis,190,196,4294967290,21913098.41836735
1988,35,Table Tennis,129,,,
1992,35,Table Tennis,159,129,30,0.23255813953488372
1996,35,Table Tennis,166,159,7,0.0440251572327044
2000,35,Table Tennis,171,166,5,0.030120481927710843
2004,35,Table Tennis,172,171,1,0.005847953216374269
2008,35,Table Tennis,171,172,4294967295,24970740.087209303
2012,35,Table Tennis,174,171,3,0.017543859649122806
2016,35,Table Tennis,172,174,4294967294,24683720.08045977
2020,35,Table Tennis,174,172,2,0.011627906976744186
1912,36,Modern Pentathlon,32,,,
1920,36,Modern Pentathlon,23,32,4294967287,134217727.71875
1924,36,Modern Pentathlon,38,23,15,0.6521739130434783
1928,36,Modern Pentathlon,37,38,4294967295,113025455.13157895
1932,36,Modern Pentathlon,25,37,4294967284,116080196.86486487
1936,36,Modern Pentathlon,42,25,17,0.68
1948,36,Modern Pentathlon,45,42,3,0.07142857142857142
1952,36,Modern Pentathlon,51,45,6,0.13333333333333333
1956,36,Modern Pentathlon,40,51,4294967285,84215044.80392157
1960,36,Modern Pentathlon,60,40,20,0.5
1964,36,Modern Pentathlon,37,60,4294967273,71582787.88333334
1968,36,Modern Pentathlon,48,37,11,0.2972972972972973
1972,36,Modern Pentathlon,59,48,11,0.22916666666666666
1976,36,Modern Pentathlon,47,59,4294967284,72796055.66101696
1980,36,Modern Pentathlon,43,47,4294967292,91382282.80851063
1984,36,Modern Pentathlon,53,43,10,0.23255813953488372
1988,36,Modern Pentathlon,65,53,12,0.22641509433962265
1992,36,Modern Pentathlon,66,65,1,0.015384615384615385
1996,36,Modern Pentathlon,32,66,4294967262,65075261.54545455
2000,36,Modern Pentathlon,48,32,16,0.5
2004,36,Modern Pentathlon,64,48,16,0.3333333333333333
2008,36,Modern Pentathlon,72,64,8,0.125
2012,36,Modern Pentathlon,72,72,0,0.0
2016,36,Modern Pentathlon,72,72,0,0.0
2020,36,Modern Pentathlon,72,72,0,0.0
1896,37,Shooting,38,,,
1900,37,Shooting,72,38,34,0.8947368421052632
1906,37,Shooting,1,72,4294967225,59652322.56944445
1908,37,Shooting,221,1,220,220.0
1912,37,Shooting,284,221,63,0.2850678733031674
1920,37,Shooting,237,284,4294967249,15123124.116197184
1924,37,Shooting,258,237,21,0.08860759493670886
1932,37,Shooting,41,258,4294967079,16647159.220930232
1936,37,Shooting,141,41,100,2.4390243902439024
1948,37,Shooting,188,141,47,0.3333333333333333
1952,37,Shooting,218,188,30,0.1595744680851064
1956,37,Shooting,156,218,4294967234,19701684.559633028
1960,37,Shooting,313,156,157,1.0064102564102564
1964,37,Shooting,262,313,4294967245,13721940.079872204
1968,37,Shooting,351,262,89,0.33969465648854963
1972,37,Shooting,397,351,46,0.13105413105413105
1976,37,Shooting,344,397,4294967243,10818557.287153652
1980,37,Shooting,239,344,4294967191,12485369.74127907
1984,37,Shooting,460,239,221,0.9246861924686193
1988,37,Shooting,396,460,4294967232,9336885.286956523
1992,37,Shooting,407,396,11,0.027777777777777776
1996,37,Shooting,419,407,12,0.029484029484029485
2000,37,Shooting,408,419,4294967285,10250518.579952268
2004,37,Shooting,390,408,4294967278,10526880.583333334
2008,37,Shooting,390,390,0,0.0
2012,37,Shooting,390,390,0,0.0
2016,37,Shooting,390,390,0,0.0
2020,37,Shooting,355,390,4294967261,11012736.566666666
1904,38,Diving,5,,,
1908,38,Diving,39,5,34,6.8
1912,38,Diving,57,39,18,0.46153846153846156
1920,38,Diving,53,57,4294967292,75350303.36842105
1924,38,Diving,71,53,18,0.33962264150943394
1928,38,Diving,61,71,4294967286,60492496.98591549
1932,38,Diving,28,61,4294967263,70409299.39344262
1936,38,Diving,69,28,41,1.4642857142857142
1948,38,Diving,66,69,4294967293,62245902.79710145
1952,38,Diving,76,66,10,0.15151515151515152
1956,38,Diving,60,76,4294967280,56512727.368421055
1960,38,Diving,75,60,15,0.25
1964,38,Diving,80,75,5,0.06666666666666667
1968,38,Diving,81,80,1,0.0125
1972,38,Diving,91,81,10,0.12345679012345678
1976,38,Diving,80,91,4294967285,47197442.692307696
1980,38,Diving,67,80,4294967283,53687091.0375
1984,38,Diving,80,67,13,0.19402985074626866
1988,38,Diving,89,80,9,0.1125
1992,38,Diving,100,89,11,0.12359550561797752
1996,38,Diving,122,100,22,0.22
2000,38,Diving,157,122,35,0.28688524590163933
2004,38,Diving,129,157,4294967268,27356479.414012738
2008,38,Diving,140,129,11,0.08527131782945736
2012,38,Diving,136,140,4294967292,30678337.8
2016,38,Diving,136,136,0,0.0
2020,38,Diving,143,136,7,0.051470588235294115
2000,39,Trampolining,24,,,
2004,39,Trampolining,32,24,8,0.3333333333333333
2008,39,Trampolining,32,32,0,0.0
2012,39,Trampolining,32,32,0,0.0
2016,39,Trampolining,32,32,0,0.0
2020,39,Trampolining,32,32,0,0.0
1896,40,Athletics,93,,,
1900,40,Athletics,276,93,183,1.967741935483871
1904,40,Athletics,480,276,204,0.7391304347826086
1906,40,Athletics,8,480,4294966824,8947847.55
1908,40,Athletics,602,8,594,74.25
1912,40,Athletics,785,602,183,0.30398671096345514
1920,40,Athletics,552,785,4294967063,5471295.621656051
1924,40,Athletics,843,552,291,0.5271739130434783
1928,40,Athletics,877,843,34,0.04033214709371293
1932,40,Athletics,422,877,4294966841,4897339.61345496
1936,40,Athletics,883,422,461,1.0924170616113744
1948,40,Athletics,806,883,4294967219,4864062.535673839
1952,40,Athletics,1043,806,237,0.29404466501240695
1956,40,Athletics,741,1043,4294966994,4117897.4055608823
1960,40,Athletics,1090,741,349,0.4709851551956815
1964,40,Athletics,1075,1090,4294967281,3940336.9550458714
1968,40,Athletics,1116,1075,41,0.03813953488372093
1972,40,Athletics,1442,1116,326,0.2921146953405018
1976,40,Athletics,1081,1442,4294966935,2978479.150485437
1980,40,Athletics,1024,1081,4294967239,3973142.6817761334
1984,40,Athletics,1363,1024,339,0.3310546875
1988,40,Athletics,1681,1363,318,0.23330887747615553
1992,40,Athletics,1757,1681,76,0.045211183819155266
1996,40,Athletics,2090,1757,333,0.18952760387023335
2000,40,Athletics,2164,2090,74,0.0354066985645933
2004,40,Athletics,2109,2164,4294967241,1984735.3239371534
2008,40,Athletics,2157,2109,48,0.02275960170697013
2012,40,Athletics,2098,2157,4294967237,1991176.280482151
2016,40,Athletics,2283,2098,185,0.08817921830314586
2020,40,Athletics,2013,2283,4294967026,1881282.0963644327
1984,41,Rhythmic Gymnastics,33,,,
1988,41,Rhythmic Gymnastics,39,33,6,0.18181818181818182
1992,41,Rhythmic Gymnastics,42,39,3,0.07692307692307693
1996,41,Rhythmic Gymnastics,90,42,48,1.1428571428571428
2000,41,Rhythmic Gymnastics,84,90,4294967290,47721858.777777776
2004,41,Rhythmic Gymnastics,84,84,0,0.0
2008,41,Rhythmic Gymnastics,95,84,11,0.13095238095238096
2012,41,Rhythmic Gymnastics,96,95,1,0.010526315789473684
2016,41,Rhythmic Gymnastics,96,96,0,0.0
2020,41,Rhythmic Gymnastics,96,96,0,0.0
1896,42,Artistic Gymnastics,28,,,
1900,42,Artistic Gymnastics,166,28,138,4.928571428571429
1904,42,Artistic Gymnastics,134,166,4294967264,25873296.77108434
1908,42,Artistic Gymnastics,326,134,192,1.4328358208955223
1912,42,Artistic Gymnastics,259,326,4294967229,13174746.101226995
1920,42,Artistic Gymnastics,250,259,4294967287,16582885.277992278
1924,42,Artistic Gymnastics,72,250,4294967118,17179868.472
1928,42,Artistic Gymnastics,144,72,72,1.0
1932,42,Artistic Gymnastics,46,144,4294967198,29826161.097222224
1936,42,Artistic Gymnastics,176,46,130,2.8260869565217392
1948,42,Artistic Gymnastics,211,176,35,0.19886363636363635
1952,42,Artistic Gymnastics,319,211,108,0.5118483412322274
1956,42,Artistic Gymnastics,128,319,4294967105,13463846.72413793
1960,42,Artistic Gymnastics,254,128,126,0.984375
1964,42,Artistic Gymnastics,213,254,4294967255,16909319.9015748
1968,42,Artistic Gymnastics,218,213,5,0.023474178403755867
1972,42,Artistic Gymnastics,231,218,13,0.05963302752293578
1976,42,Artistic Gymnastics,176,231,4294967241,18592931.77922078
1980,42,Artistic Gymnastics,127,176,4294967247,24403222.994318184
1984,42,Artistic Gymnastics,136,127,9,0.07086614173228346
1988,42,Artistic Gymnastics,179,136,43,0.3161764705882353
1992,42,Artistic Gymnastics,185,179,6,0.0335195530726257
1996,42,Artistic Gymnastics,216,185,31,0.16756756756756758
2000,42,Artistic Gymnastics,194,216,4294967274,19884107.75
2004,42,Artistic Gymnastics,196,194,2,0.010309278350515464
2008,42,Artistic Gymnastics,196,196,0,0.0
2012,42,Artistic Gymnastics,195,196,4294967295,21913098.44387755
2016,42,Artistic Gymnastics,196,195,1,0.005128205128205128
2020,42,Artistic Gymnastics,196,196,0,0.0
1896,43,Fencing,22,,,
1900,43,Fencing,258,22,236,10.727272727272727
1904,43,Fencing,11,258,4294967049,16647159.104651162
1908,43,Fencing,155,11,144,13.090909090909092
1912,43,Fencing,218,155,63,0.4064516129032258
1920,43,Fencing,150,218,4294967228,19701684.53211009
1924,43,Fencing,303,150,153,1.02
1928,43,Fencing,259,303,4294967252,14174809.412541253
1932,43,Fencing,108,259,4294967145,16582884.72972973
1936,43,Fencing,328,108,220,2.037037037037037
1948,43,Fencing,308,328,4294967276,13094412.42682927
1952,43,Fencing,301,308,4294967289,13944698.99025974
1956,43,Fencing,171,301,4294967166,14268993.906976745
1960,43,Fencing,372,171,201,1.1754385964912282
1964,43,Fencing,268,372,4294967192,11545610.731182795
1968,43,Fencing,281,268,13,0.048507462686567165
1972,43,Fencing,307,281,26,0.09252669039145907
1976,43,Fencing,292,307,4294967281,13990121.436482085
1980,43,Fencing,189,292,4294967193,14708791.756849315
1984,43,Fencing,271,189,82,0.43386243386243384
1988,43,Fencing,320,271,49,0.18081180811808117
1992,43,Fencing,306,320,4294967282,13421772.75625
1996,43,Fencing,224,306,4294967214,14035840.56862745
2000,43,Fencing,217,224,4294967289,19173961.11160714
2004,43,Fencing,223,217,6,0.027649769585253458
2008,43,Fencing,234,223,11,0.04932735426008968
2012,43,Fencing,244,234,10,0.042735042735042736
2016,43,Fencing,246,244,2,0.00819672131147541
2020,43,Fencing,264,246,18,0.07317073170731707
1896,44,Wrestling,5,,,
1904,44,Wrestling,42,5,37,7.4
1908,44,Wrestling,115,42,73,1.7380952380952381
1912,44,Wrestling,170,115,55,0.4782608695652174
1920,44,Wrestling,152,170,4294967278,25264513.4
1924,44,Wrestling,229,152,77,0.506578947368421
1928,44,Wrestling,166,229,4294967233,18755315.4279476
1932,44,Wrestling,79,166,4294967209,25873296.439759035
1936,44,Wrestling,200,79,121,1.5316455696202531
1948,44,Wrestling,219,200,19,0.095
1952,44,Wrestling,244,219,25,0.1141552511415525
1956,44,Wrestling,173,244,4294967225,17602324.692622952
1960,44,Wrestling,324,173,151,0.8728323699421965
1964,44,Wrestling,275,324,4294967247,13256071.75
1968,44,Wrestling,297,275,22,0.08
1972,44,Wrestling,388,297,91,0.3063973063973064
1976,44,Wrestling,330,388,4294967238,11069503.19072165
1980,44,Wrestling,266,330,4294967232,13015052.218181819
1984,44,Wrestling,267,266,1,0.0037593984962406013
1988,44,Wrestling,429,267,162,0.6067415730337079
1992,44,Wrestling,370,429,4294967237,10011578.641025642
1996,44,Wrestling,401,370,31,0.08378378378378379
2000,44,Wrestling,314,401,4294967209,10710641.418952618
2004,44,Wrestling,342,314,28,0.08917197452229299
2008,44,Wrestling,343,342,1,0.0029239766081871343
2012,44,Wrestling,343,343,0,0.0
2016,44,Wrestling,347,343,4,0.011661807580174927
2020,44,Wrestling,289,347,4294967238,12377427.198847262
1896,45,Cycling Track,16,,,
1900,45,Cycling Track,194,16,178,11.125
1904,45,Cycling Track,36,194,4294967138,22139005.86597938
1908,45,Cycling Track,97,36,61,1.6944444444444444
1920,45,Cycling Track,66,97,4294967265,44278013.041237116
1924,45,Cycling Track,80,66,14,0.21212121212121213
1928,45,Cycling Track,81,80,1,0.0125
1932,45,Cycling Track,39,81,4294967254,53024287.086419754
1936,45,Cycling Track,94,39,55,1.4102564102564104
1948,45,Cycling Track,105,94,11,0.11702127659574468
1952,45,Cycling Track,135,105,30,0.2857142857142857
1956,45,Cycling Track,106,135,4294967267,31814572.34814815
1960,45,Cycling Track,137,106,31,0.29245283018867924
1964,45,Cycling Track,141,137,4,0.029197080291970802
1968,45,Cycling Track,164,141,23,0.16312056737588654
1972,45,Cycling Track,166,164,2,0.012195121951219513
1976,45,Cycling Track,121,166,4294967251,25873296.692771085
1980,45,Cycling Track,79,121,4294967254,35495597.14049587
1984,45,Cycling Track,132,79,53,0.6708860759493671
1988,45,Cycling Track,171,132,39,0.29545454545454547
1992,45,Cycling Track,195,171,24,0.14035087719298245
1996,45,Cycling Track,179,195,4294967280,22025473.230769232
2000,45,Cycling Track,180,179,1,0.00558659217877095
2004,45,Cycling Track,180,180,0,0.0
2008,45,Cycling Track,176,180,4294967292,23860929.4
2012,45,Cycling Track,173,176,4294967293,24403223.255681816
2016,45,Cycling Track,181,173,8,0.046242774566473986
2020,45,Cycling Track,195,181,14,0.07734806629834254
1896,46,Cycling Road,23,,,
1912,46,Cycling Road,123,23,100,4.3478260869565215
1920,46,Cycling Road,46,123,4294967219,34918432.674796745
1924,46,Cycling Road,71,46,25,0.5434782608695652
1928,46,Cycling Road,75,71,4,0.056338028169014086
1932,46,Cycling Road,36,75,4294967257,57266230.093333334
1936,46,Cycling Road,126,36,90,2.5
1948,46,Cycling Road,101,126,4294967271,34087041.833333336
1952,46,Cycling Road,111,101,10,0.09900990099009901
1956,46,Cycling Road,88,111,4294967273,38693398.85585585
1960,46,Cycling Road,173,88,85,0.9659090909090909
1964,46,Cycling Road,182,173,9,0.05202312138728324
1968,46,Cycling Road,195,182,13,0.07142857142857142
1972,46,Cycling Road,217,195,22,0.11282051282051282
1976,46,Cycling Road,184,217,4294967263,19792475.866359446
1980,46,Cycling Road,156,184,4294967268,23342213.413043477
1984,46,Cycling Road,233,156,77,0.4935897435897436
1988,46,Cycling Road,265,233,32,0.13733905579399142
1992,46,Cycling Road,283,265,18,0.06792452830188679
1996,46,Cycling Road,248,283,4294967261,15176562.759717314
2000,46,Cycling Road,218,248,4294967266,17318416.39516129
2004,46,Cycling Road,213,218,4294967291,19701684.821100917
2008,46,Cycling Road,211,213,4294967294,20164165.699530516
2012,46,Cycling Road,210,211,4294967295,20355295.236966826
2016,46,Cycling Road,212,210,2,0.009523809523809525
2020,46,Cycling Road,201,212,4294967285,20259279.646226414
1996,47,Cycling Mountain Bike,72,,,
2000,47,Cycling Mountain Bike,79,72,7,0.09722222222222222
2004,47,Cycling Mountain Bike,80,79,1,0.012658227848101266
2008,47,Cycling Mountain Bike,80,80,0,0.0
2012,47,Cycling Mountain Bike,80,80,0,0.0
2016,47,Cycling Mountain Bike,78,80,4294967294,53687091.175
2020,47,Cycling Mountain Bike,76,78,4294967294,55063683.256410256
1900,48,Rowing,217,,,
1904,48,Rowing,96,217,4294967175,19792475.460829493
1908,48,Rowing,99,96,3,0.03125
1912,48,Rowing,190,99,91,0.9191919191919192
1920,48,Rowing,138,190,4294967244,22605090.757894736
1924,48,Rowing,258,138,120,0.8695652173913043
1928,48,Rowing,290,258,32,0.12403100775193798
1932,48,Rowing,171,290,4294967177,14810231.644827586
1936,48,Rowing,365,171,194,1.1345029239766082
1948,48,Rowing,312,365,4294967243,11767033.542465754
1952,48,Rowing,404,312,92,0.2948717948717949
1956,48,Rowing,242,404,4294967134,10631106.767326733
1960,48,Rowing,420,242,178,0.7355371900826446
1964,48,Rowing,370,420,4294967246,10226112.490476191
1968,48,Rowing,353,370,4294967279,11608019.672972973
1972,48,Rowing,440,353,87,0.24645892351274787
1976,48,Rowing,593,440,153,0.3477272727272727
1980,48,Rowing,470,593,4294967173,7242777.694772344
1984,48,Rowing,447,470,4294967273,9138228.240425533
1988,48,Rowing,595,447,148,0.33109619686800895
1992,48,Rowing,628,595,33,0.05546218487394958
1996,48,Rowing,608,628,4294967276,6839119.866242038
2000,48,Rowing,548,608,4294967236,7064090.84868421
2004,48,Rowing,558,548,10,0.01824817518248175
2008,48,Rowing,555,558,4294967293,7697074.001792115
2012,48,Rowing,549,555,4294967290,7738679.801801802
2016,48,Rowing,546,549,4294967293,7823255.5428051
2020,48,Rowing,523,546,4294967273,7866240.426739926
1912,49,Equestrian Eventing,27,,,
1920,49,Equestrian Eventing,25,27,4294967294,159072862.74074075
1924,49,Equestrian Eventing,44,25,19,0.76
1928,49,Equestrian Eventing,46,44,2,0.045454545454545456
1932,49,Equestrian Eventing,14,46,4294967264,93368853.56521739
1936,49,Equestrian Eventing,50,14,36,2.5714285714285716
1948,49,Equestrian Eventing,45,50,4294967291,85899345.82
1952,49,Equestrian Eventing,59,45,14,0.3111111111111111
1956,49,Equestrian Eventing,57,59,4294967294,72796055.83050847
1960,49,Equestrian Eventing,73,57,16,0.2807017543859649
1964,49,Equestrian Eventing,48,73,4294967271,58835168.09589041
1968,49,Equestrian Eventing,49,48,1,0.020833333333333332
1972,49,Equestrian Eventing,73,49,24,0.4897959183673469
1976,49,Equestrian Eventing,49,73,4294967272,58835168.10958904
1980,49,Equestrian Eventing,28,49,4294967275,87652393.36734694
1984,49,Equestrian Eventing,48,28,20,0.7142857142857143
1988,49,Equestrian Eventing,50,48,2,0.041666666666666664
1992,49,Equestrian Eventing,82,50,32,0.64
1996,49,Equestrian Eventing,88,82,6,0.07317073170731707
2000,49,Equestrian Eventing,74,88,4294967282,48806446.38636363
2004,49,Equestrian Eventing,75,74,1,0.013513513513513514
2008,49,Equestrian Eventing,69,75,4294967290,57266230.53333333
2012,49,Equestrian Eventing,74,69,5,0.07246376811594203
2016,49,Equestrian Eventing,65,74,4294967287,58040098.472972974
2020,49,Equestrian Eventing,75,65,10,0.15384615384615385
1900,50,Equestrian Dressage,25,,,
1912,50,Equestrian Dressage,21,25,4294967292,171798691.68
1920,50,Equestrian Dressage,17,21,4294967292,204522252.0
1924,50,Equestrian Dressage,24,17,7,0.4117647058823529
1928,50,Equestrian Dressage,29,24,5,0.20833333333333334
1932,50,Equestrian Dressage,10,29,4294967277,148102319.89655173
1936,50,Equestrian Dressage,29,10,19,1.9
1948,50,Equestrian Dressage,19,29,4294967286,148102320.20689654
1952,50,Equestrian Dressage,27,19,8,0.42105263157894735
1956,50,Equestrian Dressage,36,27,9,0.3333333333333333
1960,50,Equestrian Dressage,17,36,4294967277,119304646.58333333
1964,50,Equestrian Dressage,22,17,5,0.29411764705882354
1968,50,Equestrian Dressage,26,22,4,0.18181818181818182
1972,50,Equestrian Dressage,33,26,7,0.2692307692307692
1976,50,Equestrian Dressage,27,33,4294967290,130150523.93939394
1980,50,Equestrian Dressage,14,27,4294967283,159072862.33333334
1984,50,Equestrian Dressage,43,14,29,2.0714285714285716
1988,50,Equestrian Dressage,53,43,10,0.23255813953488372
1992,50,Equestrian Dressage,48,53,4294967291,81037118.6981132
1996,50,Equestrian Dressage,49,48,1,0.020833333333333332
2000,50,Equestrian Dressage,47,49,4294967294,87652393.75510204
2004,50,Equestrian Dressage,51,47,4,0.0851063829787234
2008,50,Equestrian Dressage,47,51,4294967292,84215044.94117647
2012,50,Equestrian Dressage,50,47,3,0.06382978723404255
2016,50,Equestrian Dressage,60,50,10,0.2
2020,50,Equestrian Dressage,69,60,9,0.15
1900,51,Equestrian Jumping,29,,,
1912,51,Equestrian Jumping,40,29,11,0.3793103448275862
1920,51,Equestrian Jumping,45,40,5,0.125
1924,51,Equestrian Jumping,43,45,4294967294,95443717.64444445
1928,51,Equestrian Jumping,46,43,3,0.06976744186046512
1932,51,Equestrian Jumping,11,46,4294967261,93368853.5
1936,51,Equestrian Jumping,54,11,43,3.909090909090909
1948,51,Equestrian Jumping,44,54,4294967286,79536431.22222222
1952,51,Equestrian Jumping,51,44,7,0.1590909090909091
1956,51,Equestrian Jumping,66,51,15,0.29411764705882354
1960,51,Equestrian Jumping,69,66,3,0.045454545454545456
1964,51,Equestrian Jumping,46,69,4294967273,62245902.507246375
1968,51,Equestrian Jumping,50,46,4,0.08695652173913043
1972,51,Equestrian Jumping,74,50,24,0.48
1976,51,Equestrian Jumping,60,74,4294967282,58040098.4054054
1980,51,Equestrian Jumping,26,60,4294967262,71582787.7
1984,51,Equestrian Jumping,66,26,40,1.5384615384615385
1988,51,Equestrian Jumping,80,66,14,0.21212121212121213
1992,51,Equestrian Jumping,87,80,7,0.0875
1996,51,Equestrian Jumping,82,87,4294967291,49367440.126436785
2000,51,Equestrian Jumping,74,82,4294967288,52377649.853658535
2004,51,Equestrian Jumping,77,74,3,0.04054054054054054
2008,51,Equestrian Jumping,77,77,0,0.0
2012,51,Equestrian Jumping,75,77,4294967294,55778796.02597403
2016,51,Equestrian Jumping,75,75,0,0.0
2020,51,Equestrian Jumping,91,75,16,0.21333333333333335
1924,52,Canoe Sprint,8,,,
1936,52,Canoe Sprint,53,8,45,5.625
1948,52,Canoe Sprint,78,53,25,0.4716981132075472
1952,52,Canoe Sprint,103,78,25,0.32051282051282054
1956,52,Canoe Sprint,81,103,4294967274,41698711.39805825
1960,52,Canoe Sprint,174,81,93,1.1481481481481481
1964,52,Canoe Sprint,146,174,4294967268,24683719.931034483
1968,52,Canoe Sprint,184,146,38,0.2602739726027397
1972,52,Canoe Sprint,209,184,25,0.1358695652173913
1976,52,Canoe Sprint,245,209,36,0.1722488038277512
1980,52,Canoe Sprint,190,245,4294967241,17530478.53469388
1984,52,Canoe Sprint,195,190,5,0.02631578947368421
1988,52,Canoe Sprint,275,195,80,0.41025641025641024
1992,52,Canoe Sprint,305,275,30,0.10909090909090909
1996,52,Canoe Sprint,317,305,12,0.03934426229508197
2000,52,Canoe Sprint,247,317,4294967226,13548792.51104101
2004,52,Canoe Sprint,244,247,4294967293,17388531.550607286
2008,52,Canoe Sprint,248,244,4,0.01639344262295082
2012,52,Canoe Sprint,249,248,1,0.004032258064516129
2016,52,Canoe Sprint,247,249,4294967294,17248864.63453815
2020,52,Canoe Sprint,248,247,1,0.004048582995951417
1972,53,Canoe Slalom,121,,,
1992,53,Canoe Slalom,135,121,14,0.11570247933884298
1996,53,Canoe Slalom,134,135,4294967295,31814572.555555556
2000,53,Canoe Slalom,83,134,4294967245,32051994.365671642
2004,53,Canoe Slalom,84,83,1,0.012048192771084338
2008,53,Canoe Slalom,82,84,4294967294,51130563.02380952
2012,53,Canoe Slalom,83,82,1,0.012195121951219513
2016,53,Canoe Slalom,83,83,0,0.0
2020,53,Canoe Slalom,82,83,4294967295,51746593.915662654
2008,54,Cycling BMX Racing,48,,,
2012,54,Cycling BMX Racing,48,48,0,0.0
2016,54,Cycling BMX Racing,48,48,0,0.0
2020,54,Cycling BMX Racing,48,48,0,0.0
2008,55,Marathon Swimming,50,,,
2012,55,Marathon Swimming,50,50,0,0.0
2016,55,Marathon Swimming,51,50,1,0.02
2020,55,Marathon Swimming,51,51,0,0.0
1900,56,Golf,39,,,
1904,56,Golf,109,39,70,1.794871794871795
2016,56,Golf,120,109,11,0.10091743119266056
2020,56,Golf,120,120,0,0.0
2016,57,Rugby Sevens,300,,,
2020,57,Rugby Sevens,312,300,12,0.04
1988,58,Bowling,24,,,
1900,59,Basque pelota,10,,,
1924,59,Basque pelota,20,10,10,1.0
1968,59,Basque pelota,73,20,53,2.65
1992,59,Basque pelota,121,73,48,0.6575342465753424
1992,60,Roller Hockey,120,,,
2008,61,Wushu,121,,,
1992,62,Speed Skiing,65,,,
2020,63,3x3 Basketball,64,,,
2020,64,Cycling BMX Freestyle,18,,,
2020,65,Karate,81,,,
2020,66,Sport Climbing,40,,,
2020,67,Skateboarding,80,,,
2020,68,Surfing,40,,,
1924,70,Military Ski Patrol,24,,,
1928,70,Military Ski Patrol,36,24,12,0.5
1936,70,Military Ski Patrol,36,36,0,0.0
1948,70,Military Ski Patrol,32,36,4294967292,119304647.0
1908,71,Jeu De Paume,11,,,
1900,72,Tug-Of-War,12,,,
1904,72,Tug-Of-War,30,12,18,1.5
1908,72,Tug-Of-War,40,30,10,0.3333333333333333
1912,72,Tug-Of-War,16,40,4294967272,107374181.8
1920,72,Tug-Of-War,41,16,25,1.5625
1904,73,Roque,4,,,
1908,74,Racquets,10,,,
1900,75,Polo,34,,,
1908,75,Polo,12,34,4294967274,126322566.88235295
1920,75,Polo,17,12,5,0.4166666666666667
1924,75,Polo,25,17,8,0.47058823529411764
1936,75,Polo,21,25,4294967292,171798691.68
1900,76,Croquet,10,,,
1900,77,Motorboating,21,,,
1908,77,Motorboating,14,21,4294967289,204522251.85714287
1900,78,Equestrian Driving,29,,,
1920,79,Equestrian Vaulting,17,,,
1936,80,Canoe Marathon,88,,,
1948,80,Canoe Marathon,64,88,4294967272,48806446.27272727
1952,80,Canoe Marathon,81,64,17,0.265625
1956,80,Canoe Marathon,64,81,4294967279,53024287.39506173
1912,81,Art Competitions,33,,,
1920,81,Art Competitions,11,33,4294967274,130150523.45454545
1924,81,Art Competitions,183,11,172,15.636363636363637
1928,81,Art Competitions,410,183,227,1.2404371584699454
1932,81,Art Competitions,577,410,167,0.4073170731707317
1936,81,Art Competitions,506,577,4294967225,7443617.374350087
1948,81,Art Competitions,326,506,4294967116,8488077.304347826
1952,81,Art Competitions,157,326,4294967127,13174745.788343558
1908,82,Bicycle Polo,9,,,
1908,83,Glma,5,,,
1912,83,Glma,6,5,1,0.2
1920,84,Korfball,24,,,
1928,84,Korfball,24,24,0,0.0
1924,85,Canne De Combat,2,,,
1928,86,Kaatsen,6,,,
1904,87,Lacrosse,36,,,
1908,87,Lacrosse,27,36,4294967287,119304646.8611111
1928,87,Lacrosse,43,27,16,0.5925925925925926
1932,87,Lacrosse,28,43,4294967281,99882960.02325581
1948,87,Lacrosse,37,28,9,0.32142857142857145
1904,88,American Football,173,,,
1932,88,American Football,40,173,4294967163,24826399.78612717
1936,89,Gliding,20,,,
1952,90,Pespallo,24,,,
1956,91,Australian Rules Football,46,,,
1972,92,Waterskiing,32,,,
1924,93,Savate,20,,,
1928,94,Skijoring,7,,,
1932,95,Dogsled Racing,13,,,
1936,96,Ice Stock Sport,146,,,
1964,96,Ice Stock Sport,93,146,4294967243,29417583.856164385
1948,97,Winter Pentathlon,14,,,
1952,98,Bandy,39,,,
1900,99,Automobile Racing,26,,,
1900,100,Motorcycle Sports,23,,,
1900,101,Ballooning,64,,,
1900,102,Boules,12,,,
1900,103,Fishing,12,,,
1900,104,Lifesaving,10,,,
1900,105,Firefighting,65,,,
1900,106,Longue Paume,9,,,
1900,107,Military Exercise,113,,,
1964,108,Kendo,51,,,
1900,109,Cricket,34,,,
1900,110,Rugby,47,,,
1908,110,Rugby,48,47,1,0.02127659574468085
1920,110,Rugby,40,48,4294967288,89478485.16666667
1924,110,Rugby,76,40,36,0.9
1924,111,Alpinism,21,,,
1932,111,Alpinism,2,21,4294967277,204522251.2857143
1936,111,Alpinism,2,2,0,0.0
1936,112,Aeronautics,1,,,
